<?xml version="1.0" encoding="UTF-8"?>
<!DOCTYPE tiles-definitions PUBLIC
       "-//Apache Software Foundation//DTD Tiles Configuration 3.0//EN"
       "http://tiles.apache.org/dtds/tiles-config_3_0.dtd">
<tiles-definitions>
	<definition name="root.*" template="/WEB-INF/view/inc/layout.jsp">
		<put-attribute name="css" value="" />
		<put-attribute name="header" value="/WEB-INF/view/inc/header.jsp" />
		<put-attribute name="aside" value="/WEB-INF/view/inc/aside.jsp" />
		<put-attribute name="main" value="/WEB-INF/view/{1}.jsp" />
		<put-attribute name="footer" value="/WEB-INF/view/inc/footer.jsp" />
	</definition>
	<definition name="admin.*.*.*" template="/WEB-INF/view/inc/layout.jsp">
		<put-attribute name="css" value="" />
		<put-attribute name="header" value="/WEB-INF/view/inc/header.jsp" />
		<put-attribute name="aside" value="/WEB-INF/view/admin/inc/aside.jsp" />
		<put-attribute name="main" value="/WEB-INF/view/admin/{1}/{2}/{3}.jsp" />
		<put-attribute name="footer" value="/WEB-INF/view/inc/footer.jsp" />
	</definition>
	<definition name="admin.*" template="/WEB-INF/view/inc/layout.jsp">
		<put-attribute name="css" value="" />
		<put-attribute name="header" value="/WEB-INF/view/inc/header.jsp" />
		<put-attribute name="aside" value="/WEB-INF/view/admin/inc/aside.jsp" />
		<put-attribute name="main" value="/WEB-INF/view/admin/{1}.jsp" />
		<put-attribute name="footer" value="/WEB-INF/view/inc/footer.jsp" />
	</definition>
	<definition name="member.*" template="/WEB-INF/view/inc/layout.jsp">
		<put-attribute name="css" value="/css/member-main.css" />
		<put-attribute name="header" value="/WEB-INF/view/inc/header.jsp" />
		<put-attribute name="aside" value="/WEB-INF/view/member/inc/aside.jsp" />
		<put-attribute name="main" value="/WEB-INF/view/member/{1}.jsp" />
		<put-attribute name="footer" value="/WEB-INF/view/inc/footer.jsp" />
	</definition>
	<definition name="notice.*" template="/WEB-INF/view/inc/layout.jsp">
		<put-attribute name="css" value="" />
		<put-attribute name="header" value="/WEB-INF/view/inc/header.jsp" />
		<put-attribute name="aside" value="/WEB-INF/view/inc/aside.jsp" />
		<put-attribute name="main" value="/WEB-INF/view/notice/{1}.jsp" />
		<put-attribute name="footer" value="/WEB-INF/view/inc/footer.jsp" />
	</definition>
</tiles-definitions>